{
  "mae": 12.190158284515453,
  "rmse": 17.08831165674742,
  "mape": 26.560050678588087,
  "smape": 23.49176626760811
}